{
  "num_simulations": 1000,
  "base_params": {
    "total_supply": 10000000000,
    "burn_rate": 0.05,
    "simulation_days": 730
  },
  "statistics": {
    "burn_rate": {
      "mean": 0.012542611752755114,
      "median": 0.011314653383352457,
      "std": 0.0059484480326596105,
      "p5": 0.0050191404055297505,
      "p95": 0.02463970345622293
    },
    "staking_ratio": {
      "mean": 26.96465408045646,
      "median": 26.86386028802648,
      "std": 5.640722014205069,
      "p5": 18.4660255040489,
      "p95": 36.50265771761456
    },
    "price_index": {
      "mean": 625.86865063469,
      "median": 561.0103281205357,
      "std": 271.6824136838559,
      "p5": 300.0252457009866,
      "p95": 1156.8055955904288
    }
  }
}